date,rchi2_median,removed_total,n_periods,chi_pass_frac
2025-06-22,0.35166333519658044,0,46,1.0
2025-06-23,0.33279135831615625,0,46,1.0
2025-06-24,0.2966199374695625,0,46,1.0
2025-06-25,0.38328960682863367,0,46,1.0
2025-06-26,0.3481306566238669,0,46,1.0
2025-06-27,0.30912539957102525,0,46,1.0
2025-06-28,0.3338018371717524,0,46,1.0
2025-06-29,0.3789619923836113,0,46,1.0
2025-06-30,0.37351334311557094,0,46,1.0
2025-07-01,0.4174871186214042,0,46,1.0
2025-07-02,0.4075562021233772,0,46,1.0
2025-07-03,0.35953541469132383,0,46,1.0
2025-07-04,0.3663494322909155,0,46,1.0
2025-07-05,0.3494711548620756,0,46,1.0
2025-07-06,0.4191181593191,0,46,1.0
2025-07-07,0.32912685555561694,0,46,1.0
2025-07-08,0.38592683726576976,0,46,1.0
2025-07-09,0.35442531411765926,0,46,1.0
2025-07-10,0.3701076255154534,0,46,1.0
2025-07-11,0.38445680937797533,0,46,1.0
2025-07-12,0.4050612351952003,0,46,1.0
2025-07-13,0.37326032060247627,0,46,1.0
2025-07-14,0.29905970672778526,0,46,1.0
2025-07-15,0.3692046831439186,0,46,1.0
2025-07-16,0.3588893868763844,0,46,1.0
2025-07-17,0.3438452213011065,0,46,1.0
2025-07-18,0.35927493437114727,0,46,1.0
2025-07-19,0.3902149291702184,0,46,1.0
2025-07-20,0.43195819262307944,0,46,1.0
2025-07-21,0.3864478195438928,0,46,1.0
2025-07-22,0.3693825791154815,0,46,1.0
2025-07-23,0.3697640028179622,0,46,1.0
2025-07-24,0.365275268182813,0,46,1.0
2025-07-25,0.38824046679765545,0,46,1.0
2025-07-26,0.370677065034691,0,46,1.0
2025-07-27,0.3517358840072032,0,46,1.0
2025-07-28,0.4236721446358438,0,46,1.0
2025-07-29,0.4291802724772093,0,46,1.0
2025-07-30,0.42873593610619243,0,46,1.0
2025-07-31,0.3627704206514575,0,46,1.0
2025-08-01,0.3756683843739037,0,46,1.0
2025-08-02,0.4274099534289564,0,46,1.0
2025-08-03,0.3492744093219504,0,46,1.0
2025-08-04,0.35268671345615554,0,46,1.0
2025-08-05,0.38948440394650063,0,46,1.0
2025-08-06,0.3777940551134399,0,46,1.0
2025-08-07,0.38773827440953657,0,46,1.0
2025-08-08,0.35608953080802813,0,46,1.0
2025-08-09,0.38420603951218635,0,46,1.0
2025-08-10,0.4173658582268167,0,46,1.0
2025-08-11,0.42830305110614647,0,46,1.0
2025-08-12,0.4654424929221074,0,46,1.0
2025-08-13,0.42728803718917685,0,46,1.0
2025-08-14,0.44288517359597246,0,46,1.0
2025-08-15,0.454568077000408,0,46,1.0
2025-08-16,0.44716767472834984,0,46,1.0
2025-08-17,0.4841224913333124,0,46,1.0
2025-08-18,0.4537630118399303,0,46,1.0
2025-08-19,0.40469922523996243,0,46,1.0
2025-08-20,0.39959536874881074,0,46,1.0
2025-08-21,0.4121654278645329,0,46,1.0
2025-08-22,0.4361264439875294,0,46,1.0
2025-08-23,0.4628846583963677,0,46,1.0
2025-08-24,0.4241446801654751,0,46,1.0
2025-08-25,0.4075423641885392,0,46,1.0
2025-08-26,0.40549620785885654,0,46,1.0
2025-08-27,0.34645339792508034,0,46,1.0
2025-08-28,0.31286687580528716,0,46,1.0
2025-08-29,0.375874204821278,0,46,1.0
2025-08-30,0.3415578708420905,0,46,1.0
2025-08-31,0.3282753175397447,0,46,1.0
2025-09-01,0.3382451659968052,0,46,1.0
2025-09-02,0.3663545586456316,0,46,1.0
2025-09-03,0.35394962794017126,0,46,1.0
2025-09-04,0.3851605225581394,0,46,1.0
2025-09-05,0.39656331524613736,0,46,1.0
2025-09-06,0.3870215886032569,0,46,1.0
2025-09-07,0.3714979728204005,0,46,1.0
2025-09-08,0.3976383289100097,0,46,1.0
2025-09-09,0.36859261567525925,0,46,1.0
2025-09-10,0.3221359219547234,0,46,1.0
2025-09-11,0.3569452292703883,0,46,1.0
2025-09-12,0.3772304866080256,0,46,1.0
2025-09-13,0.375043046574732,0,46,1.0
2025-09-14,0.41151363175430916,0,46,1.0
2025-09-15,0.29752321243434976,0,46,1.0
2025-09-16,0.36410174487273705,0,46,1.0
2025-09-17,0.3229498741825366,0,46,1.0
2025-09-18,0.3330230873484643,0,46,1.0
2025-09-19,0.34876614267051165,0,46,1.0
2025-09-20,0.36545817434973316,0,46,1.0
2025-09-21,0.3928691420233333,0,46,1.0
2025-09-22,0.4347169196507029,0,46,1.0
2025-09-23,0.42133896143612337,0,46,1.0
2025-09-24,0.4415916362466079,0,46,1.0
2025-09-25,0.4572986234948972,0,46,1.0
2025-09-26,0.3774920195608684,0,46,1.0
2025-09-27,0.3493100418613041,0,46,1.0
2025-09-28,0.42842895732065095,0,46,1.0
2025-09-29,0.3501854450234497,0,46,1.0
2025-09-30,0.35836625355968577,0,46,1.0
2025-10-01,0.31654079768067145,0,46,1.0
2025-10-02,0.31746982646125466,0,46,1.0
2025-10-03,0.3532744606792819,0,46,1.0
2025-10-04,0.3401604216296346,0,46,1.0
2025-10-05,0.3122022690959345,0,46,1.0
2025-10-06,0.3144551939797554,0,46,1.0
2025-10-07,0.3233681901737144,0,46,1.0
2025-10-08,0.36236656177554344,0,46,1.0
2025-10-09,0.3350717046378001,0,46,1.0
2025-10-10,0.3433821695920136,0,46,1.0
2025-10-11,0.4198946468221343,0,46,1.0
2025-10-12,0.3677087588712148,0,46,1.0
2025-10-13,0.31951025087212337,0,46,1.0
2025-10-14,0.3276083162187956,0,46,1.0
2025-10-15,0.32274830702339674,0,46,1.0
2025-10-16,0.4020520085627634,0,46,1.0
2025-10-17,0.3921186450290065,0,46,1.0
2025-10-18,0.3608382748668632,0,46,1.0
2025-10-19,0.3251469929880465,0,46,1.0
2025-10-20,0.3493988608364462,0,46,1.0
2025-10-21,0.34063905292218344,0,46,1.0
2025-10-22,0.3345020610027487,0,46,1.0
2025-10-23,0.3239896103416992,0,46,1.0
2025-10-24,0.3522871949460863,0,46,1.0
2025-10-25,0.31172755809020913,0,46,1.0
2025-10-26,0.2811544210274845,0,48,1.0
2025-10-27,0.3401294407988607,0,48,1.0
2025-10-28,0.2714986121512711,0,48,1.0
2025-10-29,0.31608903465856436,0,48,1.0
2025-10-30,0.3119140881683433,0,48,1.0
2025-10-31,0.3466605990206302,0,48,1.0
2025-11-01,0.3455629877744575,0,48,1.0
2025-11-02,0.3811837283748713,0,48,1.0
2025-11-03,0.31468898585308736,0,48,1.0
2025-11-04,0.3275674479870773,0,48,1.0
2025-11-05,0.35614483050853674,0,48,1.0
2025-11-06,0.39836561677013727,0,48,1.0
2025-11-07,0.4050584192338863,0,48,1.0
2025-11-08,0.41861557170544833,0,48,1.0
2025-11-09,0.3834612407877156,0,48,1.0
2025-11-10,0.3785758557444292,0,48,1.0
2025-11-11,0.31101737039195243,0,48,1.0
2025-11-12,0.31413715818138555,0,48,1.0
2025-11-13,0.3018891417886045,0,48,1.0
2025-11-14,0.31322914718685657,0,48,1.0
2025-11-15,0.2770443916723839,0,48,1.0
2025-11-16,0.3903115949214837,0,48,1.0
2025-11-17,0.3345636869066917,0,48,1.0
2025-11-18,0.31950835809452355,0,48,1.0
2025-11-19,0.3152351548325245,0,48,1.0
2025-11-20,0.36764572936681195,0,48,1.0
2025-11-21,0.36260928531238906,0,48,1.0
2025-11-22,0.32334774116357584,0,48,1.0
2025-11-23,0.3306244693416081,0,48,1.0
2025-11-24,0.33774866995567776,0,48,1.0
2025-11-25,0.3905803080740432,0,48,1.0
2025-11-26,0.34144175981675945,0,48,1.0
2025-11-27,0.3272164446275023,0,48,1.0
2025-11-28,0.3237193716676652,0,48,1.0
2025-11-29,0.3333563179802741,0,48,1.0
2025-11-30,0.3402585017018679,0,48,1.0
2025-12-01,0.300873601241761,0,48,1.0
2025-12-02,0.3379425301319964,0,48,1.0
2025-12-03,0.34465069927845904,0,48,1.0
2025-12-04,0.3297260156293013,0,48,1.0
2025-12-05,0.3477947822725124,0,48,1.0
2025-12-06,0.3296694952787146,0,48,1.0
2025-12-07,0.3875128782367646,0,48,1.0
2025-12-08,0.3004575848007912,0,48,1.0
2025-12-09,0.3256550592386346,0,48,1.0
2025-12-10,0.3354874748010658,0,48,1.0
2025-12-11,0.3461908719876265,0,48,1.0
2025-12-12,0.3159242145463115,0,48,1.0
2025-12-13,0.33092312381997324,0,48,1.0
2025-12-14,0.3337448891772753,0,48,1.0
2025-12-15,0.3651749636555069,0,48,1.0
2025-12-16,0.38925346122812476,0,48,1.0
2025-12-17,0.31468960369117566,0,48,1.0
2025-12-18,0.28343860273334964,0,48,1.0
2025-12-19,0.33443869990925956,0,48,1.0
2025-12-20,0.3229558760682585,0,48,1.0
2025-12-21,0.32972100810219007,0,48,1.0
2025-12-22,0.35790397288866066,0,48,1.0
2025-12-23,0.3434993392864686,0,48,1.0
2025-12-24,0.2979013920467508,0,48,1.0
2025-12-25,0.32377354551492876,0,48,1.0
2025-12-26,0.33397561229068473,0,48,1.0
2025-12-27,0.31348642721044634,0,48,1.0
2025-12-28,0.3189616769614687,0,48,1.0
2025-12-29,0.33905882889546446,0,48,1.0
2025-12-30,0.3445811091827404,0,48,1.0
2025-12-31,0.31235083312874246,0,48,1.0
2026-01-01,0.29617405576437306,0,48,1.0
2026-01-02,0.3181865189281144,0,48,1.0
2026-01-03,0.3076279869378992,0,48,1.0
2026-01-04,0.3666716585198131,0,48,1.0
2026-01-05,0.4034821798683675,0,48,1.0
2026-01-06,0.3816683665355858,0,48,1.0
2026-01-07,0.3549026907942227,0,48,1.0
2026-01-08,0.3938422951368554,0,48,1.0
2026-01-09,0.3995135760224374,0,48,1.0
2026-01-10,0.4011422285350152,0,48,1.0
2026-01-11,0.3095686036441013,0,48,1.0
2026-01-12,0.3391291672765383,0,48,1.0
2026-01-13,0.36496709481206924,0,48,1.0
2026-01-14,0.36558391764328596,0,48,1.0
2026-01-15,0.36649055819864496,0,48,1.0
2026-01-16,0.37907278904422104,0,48,1.0
2026-01-17,0.46241779590970367,0,48,1.0
2026-01-18,0.4680318521094936,0,48,1.0
2026-01-19,0.41274700920777957,0,48,1.0
2026-01-20,0.3663003690507973,0,48,1.0
2026-01-21,0.333864409047408,0,48,1.0
2026-01-22,0.3211569628988682,0,48,1.0
2026-01-23,0.3044251347394827,0,48,1.0
2026-01-24,0.3267178600965232,0,48,1.0
2026-01-25,0.3210469012227997,0,48,1.0
2026-01-26,0.35959506497341986,0,48,1.0
2026-01-27,0.3208012996388632,0,48,1.0
2026-01-28,0.3640829930231234,0,48,1.0
2026-01-29,0.34191774163066174,0,48,1.0
2026-01-30,0.31745625088292906,0,48,1.0
2026-01-31,0.33916506587383516,0,48,1.0
2026-02-01,0.4296014500736097,0,48,1.0
2026-02-02,0.34891141197066433,0,48,1.0
2026-02-03,0.25606287241291525,0,48,1.0
2026-02-04,0.3225262824533531,0,48,1.0
2026-02-05,0.25512057285927053,0,48,1.0
2026-02-06,0.2775285255509937,0,48,1.0
2026-02-07,0.35397579103780563,0,48,1.0
2026-02-08,0.3737129110941277,0,48,1.0
2026-02-09,0.38964832487497336,0,48,1.0
2026-02-10,0.3498293883965291,0,48,1.0
2026-02-11,0.3482808109041392,0,48,1.0
2026-02-12,0.31638828668297947,0,48,1.0
2026-02-13,0.35297291721571133,0,48,1.0
2026-02-14,0.3626723926426818,0,48,1.0
2026-02-15,0.2789776662824789,0,48,1.0
2026-02-16,0.34421605489874557,0,48,1.0
2026-02-17,0.3671895101350397,0,48,1.0
2026-02-18,0.3251360825191061,0,48,1.0
2026-02-19,0.3199706605654006,0,48,1.0
2026-02-20,0.30926677586693335,0,48,1.0
2026-02-21,0.28440135612522544,0,48,1.0
2026-02-22,0.2797626908720175,0,48,1.0
2026-02-23,0.28396529928960085,0,48,1.0
2026-02-24,0.32605020874911506,0,48,1.0
2026-02-25,0.3022737282860799,0,48,1.0
2026-02-26,0.2926312258080831,0,48,1.0
2026-02-27,0.36797487092257075,0,48,1.0
2026-02-28,0.41176007245050866,0,48,1.0
2026-03-01,0.2980302690859725,0,48,1.0
2026-03-02,0.34378938024473965,0,48,1.0
2026-03-03,0.43654184588241823,0,48,1.0
2026-03-04,0.38805684337745633,0,48,1.0
2026-03-05,0.39963226617787473,0,48,1.0
2026-03-06,0.3732988196870636,0,48,1.0
2026-03-07,0.3463328049569741,0,48,1.0
2026-03-08,0.38484549582878697,0,48,1.0
2026-03-09,0.3644713391070633,0,48,1.0
2026-03-10,0.34954885117485324,0,48,1.0
2026-03-11,0.39450011029004983,0,48,1.0
2026-03-12,0.35267086180388074,0,48,1.0
2026-03-13,0.34363881114797235,0,48,1.0
2026-03-14,0.3686163774380193,0,48,1.0
2026-03-15,0.3393787385166128,0,48,1.0
2026-03-16,0.327561913172387,0,48,1.0
2026-03-17,0.3665812702227188,0,48,1.0
2026-03-18,0.36524831346410613,0,48,1.0
2026-03-19,0.516836373138319,0,48,1.0
2026-03-20,0.5282794169042326,0,48,1.0
2026-03-21,0.49306319606703897,0,48,1.0
2026-03-22,0.4205075830867452,0,48,1.0
2026-03-23,0.34010748091667686,0,48,1.0
2026-03-24,0.3162963685250055,0,48,1.0
2026-03-25,0.3389940808840651,0,48,1.0
2026-03-26,0.35933291842226306,0,48,1.0
2026-03-27,0.32894096585457533,0,48,1.0
2026-03-28,0.34277411786821965,0,48,1.0
2026-03-29,0.3443473831201705,0,46,1.0
2026-03-30,0.34510703603728704,0,46,1.0
2026-03-31,0.33166391521540234,0,46,1.0
2026-04-01,0.33009515750321217,0,46,1.0
2026-04-02,0.35690321632448874,0,46,1.0
2026-04-03,0.3560423536335782,0,46,1.0
2026-04-04,0.34463656082489663,0,46,1.0
2026-04-05,0.38728682496351097,0,46,1.0
2026-04-06,0.38368142261280813,0,46,1.0
2026-04-07,0.3478196913055591,0,46,1.0
2026-04-08,0.3987143037781366,0,46,1.0
2026-04-09,0.2934040378985792,0,46,1.0
2026-04-10,0.35875948317191114,0,46,1.0
2026-04-11,0.3304703142136368,0,46,1.0
2026-04-12,0.35781730276484125,0,46,1.0
2026-04-13,0.3897941277700937,0,46,1.0
2026-04-14,0.30077873956202883,0,46,1.0
2026-04-15,0.32342558244759145,0,46,1.0
2026-04-16,0.32270119099317335,0,46,1.0
2026-04-17,0.3420326318201494,0,46,1.0
2026-04-18,0.446562964224109,0,46,1.0
2026-04-19,0.4518323722246957,0,46,1.0
2026-04-20,0.4092219277650084,0,46,1.0
2026-04-21,0.3443838117543322,0,46,1.0
2026-04-22,0.4148777573675293,0,46,1.0
2026-04-23,0.48785069858185365,0,46,1.0
2026-04-24,0.478107592901327,0,46,1.0
2026-04-25,0.5413256292921635,0,46,1.0
2026-04-26,0.5102974813011107,0,46,1.0
2026-04-27,0.5065148576346332,0,46,1.0
2026-04-28,0.43954844887627625,0,46,1.0
2026-04-29,0.4149856891631434,0,46,1.0
2026-04-30,0.3925240332686622,0,46,1.0
2026-05-01,0.48158617134471493,0,46,1.0
2026-05-02,0.5088137507798152,0,46,1.0
2026-05-03,0.4739344757058884,0,46,1.0
2026-05-04,0.44850262819676867,0,46,1.0
2026-05-05,0.5479440477621195,0,46,1.0
2026-05-06,0.3891026361571817,0,46,1.0
2026-05-07,0.3237876717588388,0,46,1.0
2026-05-08,0.32895447970384206,0,46,1.0
2026-05-09,0.40869615171774637,0,46,1.0
2026-05-10,0.4189498704797522,0,46,1.0
2026-05-11,0.31288983200142184,0,46,1.0
2026-05-12,0.3101591452667814,0,46,1.0
2026-05-13,0.32751466849508065,0,46,1.0
2026-05-14,0.39589796544426437,0,46,1.0
2026-05-15,0.3459300327003907,0,46,1.0
2026-05-16,0.3766328210380999,0,46,1.0
2026-05-17,0.3755539438303167,0,46,1.0
2026-05-18,0.3884822848028351,0,46,1.0
2026-05-19,0.3137240143336603,0,46,1.0
2026-05-20,0.3360234416365251,0,46,1.0
2026-05-21,0.3378479183350304,0,46,1.0
2026-05-22,0.34653434819416057,0,46,1.0
2026-05-23,0.42309561748956503,0,46,1.0
2026-05-24,0.3959506491513062,0,46,1.0
2026-05-25,0.47690294194506555,0,46,1.0
2026-05-26,0.4552440075342794,0,46,1.0
2026-05-27,0.4419359097092599,0,46,1.0
2026-05-28,0.412992161185048,0,46,1.0
2026-05-29,0.3942023186622,0,46,0.9782608695652174
2026-05-30,0.49661698070758487,0,46,0.5652173913043478
2026-05-31,0.4600886455248689,0,46,1.0
2026-06-01,0.3984530419244927,0,46,1.0
2026-06-02,0.4259468453894176,0,46,1.0
2026-06-03,0.38809866623254274,0,46,1.0
2026-06-04,0.35730969895509124,0,46,1.0
2026-06-05,0.3976809151414036,0,46,1.0
2026-06-06,0.3928336815833245,0,46,1.0
2026-06-07,0.3908675995943216,0,46,1.0
2026-06-08,0.36064073864313295,0,46,1.0
2026-06-09,0.43533109113682933,0,46,1.0
2026-06-10,0.3673090076782979,0,46,1.0
2026-06-11,0.33259017943512426,0,46,1.0
2026-06-12,0.37430731681338814,0,46,1.0
2026-06-13,0.4678614283245294,0,46,1.0
2026-06-14,0.47838902913787196,0,46,1.0
2026-06-15,0.536005018257797,0,46,1.0
2026-06-16,0.5388077199220611,0,46,1.0
2026-06-17,0.3913939466618233,0,46,1.0
2026-06-18,0.36799018926486676,0,46,1.0
2026-06-19,0.4215395433163682,0,46,1.0
2026-06-20,0.4438427788559268,0,46,1.0
2026-06-21,0.44844817431979317,0,46,1.0
